{"Promo": {"hunger": 221.02776689443877, "games": 199.77509700074273, "ballad": 161.52029119208987, "premiere": 160.5452175376147, "songbirds": 157.26975721335066, "snakes": 134.68419346688964, "godzilla": 114.5218011227281, "star": 92.49837782989579, "carpet": 88.0527511557532, "hunter": 86.75021778912328}, "Prod": {"flower": 51.00640774487049, "music": 45.880486552137704, "games": 38.25480580865286, "film": 34.004271829913655, "killers": 34.004271829913655, "moon": 34.004271829913655, "director": 32.10904350752294, "band": 32.10904350752294, "martin": 30.83279260996526, "hunger": 29.75373785117445}, "Box": {"box": 830.946589777605, "office": 815.6530942602258, "weekend": 346.652565060596, "million": 275.2203729216252, "hunger": 255.03203872435242, "games": 238.0299028093956, "film": 199.77509700074273, "ballad": 191.2740290432643, "songbirds": 191.2740290432643, "marvels": 184.99675565979157}, "Plot": {"marvels": 184.99675565979157, "godzilla": 180.5920710012251, "minus": 154.1639630498263, "flower": 153.01922323461145, "movie": 148.76868925587223, "review": 137.6414596564131, "hunger": 119.0149514046978, "games": 119.0149514046978, "ballad": 106.26334946848017, "songbirds": 106.26334946848017}, "Streaming": {"flower": 114.76441742595858, "killers": 89.26121355352335, "moon": 89.26121355352335, "streaming": 88.0527511557532, "digital": 86.75021778912328, "watch": 86.58269580014333, "apple": 79.28432385419639, "available": 74.35732953353424, "home": 61.17398206951694, "december": 57.72179720009555}, "Awards": {"flower": 114.76441742595858, "awards": 91.39284556681797, "award": 81.56530942602258, "film": 80.76014559604494, "martin": 52.85621590279759, "critics": 50.97831839126411, "2023": 44.04684658566466, "\u2018killers": 42.50533978739207, "moon\u2019": 42.50533978739207, "killers": 42.50533978739207}, "NR": {"flower": 76.50961161730572, "de": 66.07026987849699, "speech": 50.97831839126411, "gotham": 49.529672525111174, "robert": 48.45153124423113, "niro": 48.45153124423113, "martin": 48.45153124423113, "awards": 48.1014976667463, "trump": 43.37510889456164, "leonardo": 43.29134790007166}}