{"Promo": {"premiere": 99.78352262743508, "hunger": 80.2776389372943, "games": 73.54102603348464, "ballad": 60.49610832325595, "songbirds": 60.49610832325595, "snakes": 56.29443460993562, "zegler": 55.73283067109787, "beyonce": 55.729444452988915, "hunter": 53.04918399127505, "godzilla": 52.471819911146966}, "Prod": {"music": 36.36487670606212, "director": 19.956704525487016, "band": 19.956704525487016, "moon": 18.109382289674777, "killers": 17.83970801945007, "flower": 17.44623014557418, "trolls": 17.37245731155673, "design": 15.879914474173477, "hunger": 15.438007487941212, "games": 15.321047090309301}, "Box": {"box": 226.78714128942516, "office": 222.61314482397563, "weekend": 139.71459333408762, "million": 129.46863652772055, "hunger": 114.24125541076496, "games": 111.8436437592579, "marvels": 107.62171322487693, "napoleon": 81.1795673358264, "wish": 73.00831262683192, "ballad": 71.64012827753994}, "Plot": {"godzilla": 99.11343760994427, "marvels": 81.13021458490722, "minus": 72.58176330236337, "review": 70.71721673304502, "movie": 57.55850263832159, "scene": 57.41690771977707, "marvel": 54.023914447835196, "napoleon": 53.40761008935948, "flower": 52.33869043672254, "moon": 51.30991648741186}, "Streaming": {"watch": 55.729444452988915, "streaming": 54.744042365166415, "digital": 54.698146490464424, "apple": 48.431072507041954, "available": 45.47072913537862, "home": 43.062680789832804, "moon": 42.25522534257448, "killers": 41.625985378716834, "flower": 39.2540178275419, "december": 37.15296296865928}, "Awards": {"award": 56.024725687943, "awards": 55.896661783659276, "flower": 39.2540178275419, "killers": 38.65270070880849, "moon": 36.21876457934955, "critics": 35.015453554964374, "list": 31.256083708836815, "oppenheimer": 30.63909864995236, "board": 30.63909864995236, "scorsese": 28.835196801939933}, "NR": {"de": 48.207949245669845, "speech": 39.07010463604602, "robert": 38.51699891046081, "niro": 37.63652912605191, "gotham": 35.16309417244142, "robbie": 32.20110350915183, "trump": 32.20110350915183, "leonardo": 29.505616237640048, "dicaprio": 29.505616237640048, "awards": 29.419295675610147}}
