{"Promo": {"hunger": 221.02776689443877, "games": 204.02563097948195, "ballad": 161.52029119208987, "songbirds": 161.52029119208987, "premiere": 160.5452175376147, "snakes": 144.51815527713305, "godzilla": 118.92648578129457, "star": 92.49837782989579, "beyonce": 91.76097310427541, "carpet": 88.0527511557532}, "Prod": {"killers": 51.00640774487049, "flower": 51.00640774487049, "moon": 51.00640774487049, "music": 45.880486552137704, "hunger": 42.50533978739207, "games": 42.50533978739207, "film": 34.004271829913655, "director": 32.10904350752294, "band": 32.10904350752294, "martin": 30.83279260996526}, "Box": {"box": 830.946589777605, "office": 815.6530942602258, "weekend": 346.652565060596, "hunger": 314.5395144267013, "games": 310.2889804479621, "marvels": 286.30450280682027, "million": 275.2203729216252, "film": 212.52669893696034, "ballad": 191.2740290432643, "songbirds": 191.2740290432643}, "Plot": {"godzilla": 224.63891758688976, "marvels": 215.82954826975683, "minus": 158.56864770839277, "movie": 157.26975721335066, "flower": 153.01922323461145, "killers": 144.51815527713305, "moon": 144.51815527713305, "review": 137.6414596564131, "games": 123.265485383437, "hunger": 119.0149514046978}, "Streaming": {"killers": 119.0149514046978, "moon": 119.0149514046978, "flower": 114.76441742595858, "streaming": 88.0527511557532, "digital": 86.75021778912328, "watch": 86.58269580014333, "apple": 79.28432385419639, "available": 74.35732953353424, "home": 61.17398206951694, "december": 57.72179720009555}, "Awards": {"flower": 114.76441742595858, "killers": 110.51388344721938, "moon": 102.01281548974097, "awards": 91.39284556681797, "award": 81.56530942602258, "film": 80.76014559604494, "martin": 52.85621590279759, "scorsese": 52.85621590279759, "critics": 50.97831839126411, "2023": 44.04684658566466}, "NR": {"flower": 80.76014559604494, "killers": 76.50961161730572, "de": 66.07026987849699, "moon": 63.758009681088105, "speech": 50.97831839126411, "gotham": 49.529672525111174, "robert": 48.45153124423113, "niro": 48.45153124423113, "martin": 48.45153124423113, "awards": 48.1014976667463}}
